vs,h
178.1340064413985,0.0
178.1340064413985,5.441878231870699
421.69043541152644,5.441878231870699
421.69043541152644,19.694144752358216
847.8652929836536,19.694144752358216
847.8652929836536,104.00056829554602
1554.0151603298211,104.00056829554602
1554.0151603298211,166.77376507681439
2479.4785190422713,166.77376507681439
2479.4785190422713,1160.9817287826133
