vs,h
177.34563249318452,0.0
177.34563249318452,4.973771063569452
397.23146604471873,4.973771063569452
397.23146604471873,16.68187345894343
878.5075576415825,16.68187345894343
878.5075576415825,90.45454609084348
1493.6660115882448,90.45454609084348
1493.6660115882448,147.3934393560953
2553.90641088877,147.3934393560953
2553.90641088877,854.3744740852305
